x,ux,A,uA,B,uB,C,uC,D,uD,E,uE,F,uF,G,uG,H,uH,I,uI,J,uJ,K,uK,L,uL,M,uM,N,uN
0.5,0.025,2.0060943415950887,0.11018283024785266,3.3341355047511483,0.15002406514253444,4.393182177678329,0.1817954653303499,-1.750405166963215,0.10251215500889646,40.015647006848354,1.2504694102054505,1.1646627986493223,0.08493988395947967,1.9151345731037175,0.10745403719311153,199.99858639236695,6.049957591771008,-0.02676311239638613,0.05080289337189159,0.03916769946199837,0.051175030983859955,0.3013371283135277,0.059040113849405836,3.177432639335522,0.14532297918006565,0.23367349051106615,0.05701020471533199,2.0034463828107243,0.11010339148432173
0.620253164556962,0.02620253164556962,2.2197066469891142,0.11659119940967343,3.171795930786102,0.14515387792358306,4.267300357242445,0.17801901071727333,-1.1959541369760385,0.08587862410928115,32.24108493803357,1.0172325481410072,1.4322040152407318,0.09296612045722195,1.8917583456678266,0.1067527503700348,129.97336645234088,3.9492009935702264,0.02138417726753952,0.05064152531802619,0.06709963043082295,0.05201298891292469,0.34200692799017895,0.06026020783970537,3.3730188253433004,0.15119056476029902,0.253274934009768,0.05759824802029304,2.0542021601466462,0.11162606480439939
0.740506329113924,0.02740506329113924,2.496021682143977,0.12488065046431931,3.0464843164351465,0.1413945294930544,4.197564831830512,0.17592694495491534,-0.7862073134001596,0.07358621940200478,27.03197195041636,0.8609591585124908,1.6914841999792312,0.10074452599937694,1.807650668545839,0.10422952005637517,91.18372428028275,2.785511728408482,0.056088065116232225,0.05168264195348697,0.0026472300331163365,0.05007941690099349,0.42100508365083267,0.06263015250952499,3.5830964474126556,0.15749289342237965,0.2805059600759443,0.05841517880227833,2.0635260911325712,0.11190578273397714
0.8607594936708861,0.028607594936708863,2.7403302816695967,0.1322099084500879,2.9234980733970723,0.13770494220191215,4.015513836092052,0.17046541508276156,-0.4041912731351067,0.062125738194053204,23.250311497421684,0.7475093449226505,1.8985132125240964,0.10695539637572289,1.7507651805957385,0.10252295541787215,67.46955088614689,2.0740865265844066,0.03088635881255827,0.05092659076437675,0.0223460795418735,0.05067038238625621,0.47742251513284933,0.06432267545398548,3.8015904644909955,0.16404771393472986,0.34895227140545576,0.06046856814216368,2.069091500417373,0.1120727450125212
0.9810126582278481,0.02981012658227848,2.9230046126826195,0.13769013838047858,2.7932799704274274,0.13379839911282282,3.9293018354485256,0.16787905506345577,-0.005339848028734467,0.05016019544086204,20.423509697346486,0.6627052909203945,2.130495907524591,0.11391487722573773,1.6622934426017038,0.09986880327805112,51.972218051322024,1.6091665415396608,0.039562821587119976,0.051186884647613604,0.03815243049956797,0.051144572914987044,0.5568821572017285,0.06670646471605185,3.959794129610357,0.1687938238883107,0.40184120268403034,0.06205523608052091,2.0719952397046137,0.11215985719113841
1.1012658227848102,0.031012658227848103,3.1764880554323742,0.14529464166297124,2.7216766391686678,0.13165029917506005,3.7786004080845585,0.16335801224253677,0.21540221384342517,0.056462066415302756,18.175535034052658,0.5952660510215797,2.308834324011414,0.11926502972034242,1.575644539032107,0.09726933617096321,41.24216307178398,1.2872648921535192,0.07070247982106469,0.05212107439463194,0.0905006894073151,0.052715020682219456,0.6202644837784296,0.0686079345133529,4.2266017166094825,0.17679805149828448,0.4275967615629021,0.06282790284688707,2.0929631003939044,0.11278889301181713
1.2215189873417722,0.032215189873417725,3.4455947827468902,0.1533678434824067,2.605966063114228,0.12817898189342686,3.702848996585297,0.1610854698975589,0.4783021781257042,0.06434906534377113,16.341616189705586,0.5402484856911676,2.484478007094347,0.12453434021283041,1.4708698076126858,0.09412609422838059,33.50643145329906,1.0551929435989718,0.12362454448578612,0.053708736334573584,0.07195350899447324,0.0521586052698342,0.6688022319147643,0.07006406695744294,4.491686942942665,0.18475060828827994,0.503165830463931,0.06509497491391794,2.1250460809969334,0.113751382429908
1.3417721518987342,0.033417721518987344,3.677219451950597,0.1603165835585179,2.52769740680974,0.1258309222042922,3.5828051923692583,0.15748415577107774,0.7717163746790405,0.07315149124037122,14.904321313900526,0.49712963941701577,2.653099307191504,0.1295929792157451,1.3947372500612676,0.09184211750183803,27.75928058775106,0.8827784176325318,0.1274500254729092,0.05382350076418728,0.08705331486763987,0.0526115994460292,0.7259770464422554,0.07177931139326767,4.674132144547755,0.19022396433643268,0.548005763368722,0.06644017290106166,2.175083322620429,0.11525249967861287
1.4620253164556962,0.03462025316455696,3.9237146097613067,0.1677114382928392,2.4578323662817874,0.12373497098845362,3.466093481412559,0.15398280444237678,1.007658037121875,0.08022974111365626,13.656213535801783,0.4596864060740535,2.7219459100267,0.131658377300801,1.2615593207241849,0.08784677962172555,23.402584157824407,0.7520775247347322,0.2317369796241825,0.056952109388725476,0.05471302377331608,0.05164139071319949,0.830255911987002,0.07490767735961007,4.865247086134471,0.19595741258403415,0.6372064278796834,0.0691161928363905,2.1763680275330946,0.11529104082599284
1.5822784810126582,0.03582278481012659,4.147496083473845,0.17442488250421534,2.386594459444329,0.12159783378332986,3.3656667831130855,0.15097000349339257,1.1237333795116924,0.08371200138535077,12.629634403152675,0.42888903209458024,2.835635245624315,0.13506905736872946,1.1777072904560135,0.0853312187136804,19.97495947174972,0.6492487841524917,0.3055926687499539,0.05916778006249862,0.061362967366920845,0.05184088902100763,0.933194466545292,0.07799583399635876,5.090735118110503,0.20272205354331507,0.6767130041872009,0.07030139012561604,2.2383375443898723,0.11715012633169616
1.7025316455696202,0.037025316455696206,4.4226512506364974,0.18267953751909494,2.329094435074825,0.11987283305224475,3.253684934590022,0.14761054803770066,1.32292588730142,0.08968777661904259,11.777436464576315,0.40332309393728943,2.9052154053654866,0.1371564621609646,1.0658477534155517,0.08197543260246655,17.220660870740172,0.5666198261222052,0.4570546575164832,0.0637116397254945,0.0994000971056757,0.052982002913170276,1.0234619315261746,0.08070385794578525,5.371809403195543,0.21115428209586629,0.7292307780205856,0.07187692334061757,2.241761022277217,0.1172528306683165
1.8227848101265822,0.038227848101265824,4.6611254589617435,0.1898337637688523,2.2606164143283984,0.11781849242985196,3.178953530974085,0.14536860592922257,1.507744728791258,0.09523234186373775,10.984972898440176,0.3795491869532053,2.934340246912413,0.13803020740737237,0.9257857315547691,0.07777357194664307,15.047347956608707,0.5014204386982613,0.548481631096123,0.06645444893288369,0.09877691523676024,0.05296330745710281,1.1209757959441746,0.08362927387832525,5.602094164077519,0.21806282492232554,0.7933296392505524,0.07379988917751658,2.302473830767439,0.11907421492302317
1.9430379746835444,0.03943037974683544,4.887396563318314,0.1966218968995494,2.2095960430524997,0.116287881291575,3.0670491112517624,0.14201147333755287,1.695205739288688,0.10085617217866064,10.279181000548945,0.3583754300164683,2.9860329538302124,0.13958098861490636,0.7822639105441849,0.07346791731632554,13.24888255859525,0.4474664767578575,0.7460387156618504,0.07238116146985552,0.11625608899491091,0.05348768266984733,1.2488527813138526,0.08746558343941557,5.821147999383719,0.22463443998151156,0.8623231235034564,0.07586969370510369,2.351709474648885,0.12055128423946655
2.0632911392405067,0.04063291139240507,5.149127102620374,0.20447381307861123,2.180620024501628,0.11541860073504884,2.960533796704269,0.13881601390112808,1.7910187292807878,0.10373056187842364,9.672977186413522,0.34018931559240567,3.0054329348491016,0.14016298804547306,0.6625015693562668,0.06987504708068801,11.726896766319998,0.4018069029895999,0.8841001449616476,0.07652300434884943,0.10972465601783296,0.053291739680534994,1.3509783770045805,0.09052935131013742,6.086022729980319,0.23258068189940956,0.9345896146537105,0.07803768843961131,2.444438606166395,0.12333315818499185
2.1835443037974684,0.041835443037974686,5.376438794439978,0.21129316383319935,2.1212965736185483,0.11363889720855645,2.871082383712281,0.13613247151136842,1.9474679030921402,0.10842403709276421,9.160075931712598,0.3248022779513779,2.9479375847972076,0.1384381275439162,0.5092819960382958,0.06527845988114887,10.490669373632846,0.36472008120898536,1.1483723627025122,0.08445117088107537,0.12778870071458828,0.05383366102143765,1.4714392426770595,0.0941431772803118,6.294463182547239,0.23883389547641715,0.9687859919065419,0.07906357975719626,2.4171272401324972,0.12251381720397492
2.3037974683544302,0.043037974683544304,5.590409087451196,0.21771227262353587,2.1076063805787775,0.11322819141736333,2.8143063024846033,0.1344291890745381,2.1019438380456696,0.11305831514137009,8.65698747833106,0.30970962434993177,2.893467473954329,0.13680402421862986,0.39351735520863845,0.061805520656259154,9.391565306121437,0.3317469591836431,1.414856675726086,0.09244570027178259,0.1347102377830232,0.0540413071334907,1.6184389617444552,0.09855316885233366,6.532917155777819,0.24598751467333457,1.0367636030395562,0.08110290809118668,2.5264334190062296,0.12579300257018688
2.4240506329113924,0.04424050632911393,5.855476281504435,0.22566428844513303,2.1002764996612595,0.11300829498983779,2.759190424015026,0.1327757127204508,2.22229521187353,0.1166688563562059,8.237229935966429,0.2971168980789929,2.8204508269858213,0.13461352480957464,0.19557888950985125,0.05586736668529554,8.535882554632547,0.3060764766389764,1.709000471377243,0.1012700141413173,0.157021629678415,0.05471064889035245,1.7371353774261393,0.10211406132278418,6.76201123532306,0.2528603370596918,1.1509515230336376,0.08452854569100912,2.5555596748031495,0.1266667902440945
2.5443037974683547,0.04544303797468355,6.069429942920129,0.23208289828760387,2.1056439113890058,0.11316931734167017,2.6500278882652455,0.12950083664795736,2.327119517555534,0.11981358552666603,7.866936706843959,0.2860081012053188,2.7084935204022553,0.13125480561206765,0.08168714099797186,0.05245061422993916,7.748777717059668,0.28246333151179004,2.0988462619804027,0.11296538785941208,0.16814181205717604,0.055044254361715284,1.8871716370547074,0.10661514911164122,6.973312366008419,0.2591993709802526,1.1944861624329042,0.08583458487298712,2.619678418513376,0.12859035255540127
2.6645569620253164,0.046645569620253166,6.346682930076779,0.24040048790230334,2.1411191826597693,0.11423357547979308,2.5660671338560825,0.1269820140156825,2.4474180423482155,0.12342254127044647,7.529044483002419,0.27587133449007256,2.539028339728335,0.12617085019185004,-0.0956846723105963,0.052870540169317894,7.037338265429647,0.2611201479628894,2.544653678417186,0.12633961035251556,0.13077504728322636,0.05392325141849679,2.0283144446434203,0.11084943333930261,7.284484277379142,0.26853452832137426,1.2510543570982955,0.08753163071294887,2.67611320176029,0.1302833960528087
2.7848101265822787,0.047848101265822784,6.568621734944832,0.24705865204834498,2.1312254613539428,0.11393676384061828,2.4980898021656235,0.1249426940649687,2.5329513185459507,0.1259885395563785,7.193993411262671,0.2658198023378801,2.402460924742206,0.12207382774226617,-0.229746650658868,0.056892399519766046,6.454583136343557,0.24363749409030672,3.0006552679009375,0.14001965803702812,0.1300495037868964,0.053901485113606894,2.1432741062888367,0.1142982231886651,7.464153985817098,0.2739246195745129,1.3678864910761321,0.09103659473228397,2.748412232166,0.13245236696498
2.9050632911392404,0.0490506329113924,6.806429335007576,0.2541928800502273,2.166659629867778,0.11499978889603334,2.4446794735114765,0.1233403842053443,2.661374467704453,0.12984123403113357,6.838705800241981,0.2551611740072594,2.190242744553142,0.11570728233659426,-0.3155052677222896,0.05946515803166869,5.876398463109946,0.22629195389329837,3.527328225798613,0.15581984677395838,0.20751683647862434,0.05622550509435873,2.3014192095663724,0.11904257628699116,7.747555095087532,0.28242665285262597,1.4510416624320557,0.09353124987296167,2.8057812441219543,0.13417343732365863
3.0253164556962027,0.05025316455696203,7.037014320504326,0.26111042961512976,2.233771779543287,0.11701315338629861,2.3513193102340635,0.1205395793070219,2.7622114988610442,0.13286634496583133,6.616965995668471,0.2485089798700541,1.96442538248922,0.10893276147467659,-0.46603217468698704,0.06398096524060962,5.439837630748055,0.21319512892244163,4.188097852215566,0.17564293556646698,0.22439781686058646,0.056731934505817594,2.485586945397185,0.12456760836191555,7.985819740087509,0.28957459220262527,1.4972605127634437,0.09491781538290331,2.910929248767699,0.137327877463031
3.1455696202531644,0.05145569620253164,7.3155900672798095,0.26946770201839426,2.2429027609569157,0.11728708282870746,2.2692066571775147,0.11807619971532544,2.86963088046668,0.1360889264140004,6.359589564824812,0.2407876869447444,1.7437369974841186,0.10231210992452355,-0.6369606136836223,0.06910881841050867,5.047381590364088,0.20142144771092263,4.877115145161218,0.19631345435483655,0.19407228384778435,0.055822168515433535,2.579148678809278,0.12737446036427835,8.26122176967283,0.29783665309018487,1.6221007779847658,0.09866302333954297,2.9494631788990207,0.13848389536697062
3.2658227848101267,0.05265822784810127,7.528554979978877,0.2758566493993663,2.3156956726896425,0.11947087018068928,2.2321030128696258,0.11696309038608878,2.94767278676011,0.1384301836028033,6.132308813459392,0.23396926440378174,1.4842302778619878,0.09452690833585964,-0.7880165783984016,0.07364049735195205,4.666526812559865,0.18999580437679592,5.680902708628219,0.22042708125884658,0.19181076382151752,0.05575432291464553,2.704292320746025,0.13112876962238074,8.52345963665979,0.3057037890997937,1.7256023398667317,0.10176807019600195,3.0618325992150717,0.14185497797645213
3.386075949367089,0.05386075949367089,7.763585342290916,0.2829075602687275,2.3418668228138393,0.12025600468441518,2.1531019354388183,0.11459305806316455,3.0586100551235025,0.14175830165370507,5.93886624970779,0.22816598749123373,1.2402946486312305,0.08720883945893693,-0.948708402632972,0.07846125207898916,4.375192812175103,0.18125578436525308,6.571264606570861,0.24713793819712582,0.2461885209735624,0.057385655629206875,2.8511567146572587,0.13553470143971774,8.71951455794779,0.31158543673843364,1.8157172468273692,0.10447151740482108,3.110851724780119,0.14332555174340356
3.5063291139240507,0.05506329113924051,8.005615556838336,0.29016846670515006,2.4247007345019957,0.12274102203505988,2.1117298669852227,0.11335189600955668,3.156678450657189,0.14470035351971566,5.662706353597479,0.21988119060792438,0.9834790577059894,0.07950437173117969,-1.0271108438486911,0.08081332531546073,4.106856746603699,0.17320570239811098,7.523431497114661,0.27570294491343983,0.27869352695600424,0.05836080580868013,3.0271001621140647,0.14081300486342194,9.031761667149217,0.3209528500144765,1.9223925520698286,0.10767177656209487,3.211151096175349,0.1463345328852605
3.626582278481013,0.05626582278481013,8.263810740673094,0.2979143222201928,2.48675584795803,0.1246026754387409,2.0230483422235057,0.11069145026670517,3.2238352957728016,0.14671505887318403,5.50301213742986,0.21509036412289578,0.7301319310822018,0.07190395793246605,-1.0893675908759033,0.0826810277262771,3.778142245478437,0.1633442673643531,8.616572268217562,0.3084971680465268,0.312551389262235,0.05937654167786705,3.1604218116750786,0.14481265435025237,9.256653281280139,0.3276995984384041,1.9876104530818193,0.10962831359245458,3.283715199809895,0.14851145599429683
3.7468354430379747,0.057468354430379745,8.500979767363232,0.30502939302089693,2.5845989250866994,0.12753796775260098,1.9350884385677218,0.10805265315703166,3.309314132810581,0.14927942398431743,5.349655964293705,0.21048967892881115,0.46529298642008426,0.06395878959260252,-1.2446925887634646,0.08734077766290393,3.5448148297999618,0.15634444489399885,9.864002687075867,0.345920080612276,0.3040811436204471,0.059122434308613414,3.2847016591845413,0.14854104977553623,9.492359223481166,0.33477077670443495,2.1329242295896114,0.11398772688768834,3.4113552825568116,0.15234065847670436
3.867088607594937,0.05867088607594936,8.742431867421793,0.31227295602265376,2.7024855410539064,0.13107456623161717,1.8741800036572096,0.10622540010971629,3.3823179223131286,0.15146953766939386,5.140217539179497,0.20420652617538493,0.11606665248304907,0.05348199957449148,-1.373673913179145,0.09121021739537435,3.3482122795291893,0.15044636838587566,11.17121115979206,0.3851363347937618,0.3040823959263713,0.05912247187779114,3.431373042616478,0.15294119127849434,9.78432736725247,0.34352982101757407,2.23577926718938,0.11707337801568139,3.532686111433311,0.15598058334299933
3.9873417721518987,0.05987341772151898,8.983299964363955,0.3194989989309186,2.7541092556925375,0.13262327767077614,1.878245861707493,0.10634737585122479,3.457813653758357,0.1537344096127507,5.045391996834086,0.20136175990502259,-0.13692947758065108,0.05410788432741954,-1.4551831903971226,0.09365549571191367,3.177095086890376,0.14531285260671128,12.587447282916715,0.4276234184875014,0.31198800711626257,0.05935964021348788,3.4653072540974064,0.1539592176229222,10.012596911496088,0.3503779073448826,2.3528920924291956,0.12058676277287587,3.6083258311110216,0.15824977493333064
4.1075949367088604,0.0610759493670886,9.25802282543513,0.3277406847630539,2.9089969170305063,0.1372699075109152,1.8250525776669155,0.10475157733000746,3.5176630485219507,0.15552989145565851,4.87639640806295,0.19629189224188853,-0.4527542644775274,0.06358262793432583,-1.5900856394095069,0.0977025691822852,2.938983274834765,0.13816949824504293,14.249483262411955,0.47748449787235864,0.34894602907261313,0.060468380872178394,3.628903399482362,0.15886710198447085,10.324787091884962,0.35974361275654887,2.5061425971944242,0.12518427791583273,3.7167232689491074,0.16150169806847323
4.227848101265822,0.06227848101265822,9.447567902203952,0.33342703706611854,3.0253924303610176,0.14076177291083053,1.7339592892425943,0.10201877867727782,3.6105627365076636,0.1583168820952299,4.747470601872557,0.1924241180561767,-0.7056122803071021,0.07116836840921306,-1.6510828398734891,0.09953248519620467,2.8022305341998774,0.13406691602599632,15.980691626304894,0.5294207487891468,0.3620845109927428,0.06086253532978229,3.743957229595782,0.16231871688787347,10.560587054276466,0.36681761162829396,2.6502599320758917,0.12950779796227674,3.8139995410712255,0.16441998623213677
4.348101265822785,0.06348101265822785,9.685957677064138,0.34057873031192415,3.1377604875067973,0.14413281462520391,1.6784268555798476,0.10035280566739543,3.6724024160201867,0.1601720724806056,4.588290005954425,0.18764870017863278,-0.9942776382368939,0.07982832914710682,-1.7208560285676295,0.10162568085702889,2.6810911986727692,0.13043273596018307,17.85753522203775,0.5857260566611325,0.3675556624074449,0.06102666987222335,3.7705035690891906,0.16311510707267574,10.8246214163385,0.374738642490155,2.794569506742425,0.13383708520227275,3.9523303008077004,0.16856990902423102
4.4683544303797476,0.06468354430379748,9.920433406194537,0.3476130021858361,3.258404591990905,0.14775213775972715,1.665384422291375,0.09996153266874125,3.784413877344301,0.16353241632032903,4.492195953686009,0.18476587861058025,-1.2956530778451811,0.08886959233535544,-1.793311731003145,0.10379935193009435,2.471198058616075,0.12413594175848225,19.906103178124873,0.6471830953437462,0.44899626250142716,0.06346988787504282,3.8535477617829477,0.16560643285348842,11.059670970587632,0.38179012911762894,2.929370008088652,0.13788110024265957,4.050834924765042,0.17152504774295127
4.588607594936709,0.0658860759493671,10.189534778324928,0.35568604334974785,3.4351270958424687,0.15305381287527406,1.5655584284141548,0.09696675285242465,3.8404086526187746,0.16521225957856323,4.379990120774953,0.1813997036232486,-1.4962047848005195,0.09488614354401559,-1.8351949503532174,0.10505584851059652,2.3490754053993492,0.12047226216198048,22.18304045781992,0.7154912137345977,0.4642031382517057,0.06392609414755117,3.9012091345930417,0.16703627403779125,11.39630830039435,0.3918892490118305,3.051989141442432,0.14155967424327295,4.195521999054799,0.175865659971644
4.708860759493671,0.06708860759493672,10.44030096484176,0.3632090289452528,3.5781299022680115,0.15734389706804036,1.5227836803704278,0.09568351041111284,3.8813319355664424,0.16643995806699327,4.251969388359733,0.17755908165079198,-1.7685982183746352,0.10305794655123907,-1.8939075307182303,0.10681722592154691,2.2464850883587006,0.11739455265076101,24.58990309932662,0.7876970929797986,0.47194721897842723,0.06415841656935282,3.9399557784967465,0.1681986733549024,11.679077100455785,0.40037231301367354,3.2194161275268978,0.14658248382580694,4.354888748408785,0.18064666245226352
4.829113924050633,0.06829113924050632,10.655948898948168,0.36967846696844503,3.7570850255890553,0.16271255076767166,1.5079162074642296,0.09523748622392689,3.9213963514498302,0.1676418905434949,4.146234544721602,0.17438703634164804,-1.9926599592276324,0.10977979877682897,-1.927332199132166,0.10781996597396498,2.1336391860190558,0.11400917558057168,27.2395679431617,0.867187038294851,0.45171353710979484,0.06355140611329385,3.9789003507706275,0.1693670105231188,11.936091939197246,0.4080827581759173,3.39331005747013,0.15179930172410389,4.518969246120517,0.1855690773836155
4.949367088607595,0.06949367088607594,10.88193104767594,0.37645793143027817,3.925256783336681,0.16775770350010044,1.4428803498044411,0.09328641049413323,3.975901039356192,0.16927703118068577,4.046327580898167,0.171389827426945,-2.2105317971751637,0.11631595391525491,-1.9842657549402856,0.10952797264820857,2.0573820549935005,0.11172146164980501,30.01167919648516,0.9503503758945548,0.5082405544562075,0.06524721663368623,4.027268065184817,0.1708180419555445,12.17757067248579,0.4153271201745737,3.553826266711616,0.15661478800134848,4.696856776543258,0.19090570329629775
5.069620253164557,0.07069620253164557,11.12275088201529,0.38368252646045864,4.137920051468463,0.1741376015440539,1.4077041046585106,0.09223112313975532,4.081987644165259,0.17245962932495776,3.927801758875,0.16783405276625,-2.3891325287741756,0.12167397586322527,-1.972087830187897,0.10916263490563691,1.950279040023216,0.10850837120069648,33.03495136193036,1.0410485408579109,0.5249736617195057,0.06574920985158517,4.034324977699021,0.17102974933097065,12.477603466550695,0.4243281039965208,3.7356656769100347,0.16206997030730103,4.7830648050911195,0.19349194415273357
5.189873417721519,0.07189873417721519,11.392758691199532,0.39178276073598595,4.290838588459992,0.17872515765379976,1.362844247215919,0.09088532741647756,4.122028252581273,0.17366084757743816,3.8507079629805587,0.16552123888941678,-2.5324259827550213,0.12597277948265062,-1.9666557582957913,0.10899967274887373,1.8208362733818153,0.10462508820145447,36.27079653241343,1.138123895972403,0.5420299314674613,0.06626089794402384,3.9752958140684784,0.16925887442205434,12.71331044033205,0.43139931320996144,3.9398120840135222,0.16819436252040565,4.983867437805525,0.19951602313416578
5.310126582278481,0.07310126582278481,11.63511824798103,0.3990535474394309,4.473573472676003,0.18420720418028008,1.332405947390239,0.08997217842170717,4.18364205166843,0.17550926155005292,3.763338107157866,0.162900143214736,-2.6862071184313443,0.1305862135529403,-2.017424553060413,0.11052273659181239,1.7835185541053709,0.10350555662316113,39.771128825813,1.2431338647743901,0.5790533145531985,0.06737159943659596,3.990299872776872,0.16970899618330615,13.023474811543663,0.44070424434630984,4.121517296591402,0.17364551889774205,5.1268511260077245,0.20380553378023175
5.4303797468354436,0.07430379746835444,11.871622579036991,0.4061486773711097,4.704723150898132,0.19114169452694396,1.3145436635621772,0.08943630990686532,4.195130946413005,0.1758539283923901,3.6906515602707524,0.16071954680812256,-2.7924809501236187,0.13377442850370858,-2.0041655594007466,0.1101249667820224,1.6839953233933933,0.1005198597018018,43.49262910221961,1.3547788730665884,0.5874593513722599,0.0676237805411678,3.9091620937016094,0.16727486281104828,13.295227104090149,0.4488568131227044,4.317023807061201,0.179510714211836,5.292432607525735,0.20877297822577207
5.550632911392405,0.07550632911392406,12.087955628639037,0.41263866885917105,4.921308281700586,0.1976392484510176,1.2501080267821985,0.08750324080346596,4.303328667994204,0.17909986003982614,3.6231891873327324,0.158695675619982,-2.8825626421264543,0.13647687926379365,-1.9377494751861997,0.108132484255586,1.6483636506624715,0.09945090951987415,47.486378245595745,1.4745913473678722,0.6099855085613154,0.06829956525683946,3.886312323809658,0.16658936971428973,13.574601802201702,0.457238054066051,4.542250795922204,0.1862675238776661,5.484483582040806,0.21453450746122416
5.670886075949367,0.07670886075949367,12.346415378360069,0.42039246135080205,5.1685393034996805,0.2050561791049904,1.2242057038558023,0.08672617111567407,4.347451856634197,0.1804235556990259,3.505614992646146,0.15516844977938438,-2.927410457301143,0.13782231371903428,-1.9361231908493624,0.10808369572548088,1.542225433582486,0.09626676300747458,51.6994732155201,1.600984196465603,0.6280319971381797,0.06884095991414539,3.779303496541486,0.16337910489624458,13.86869425467607,0.46606082764028206,4.792679936036018,0.19378039808108055,5.664571581437508,0.21993714744312526
5.791139240506329,0.07791139240506328,12.584612197195472,0.42753836591586414,5.391181475038462,0.21173544425115387,1.1344489668381437,0.0840334690051443,4.368613966933097,0.1810584190079929,3.4510517319619147,0.15353155195885743,-2.997385679047472,0.13992157037142416,-1.8619960611221542,0.10585988183366463,1.478145295938481,0.09434435887815443,56.22879529637798,1.7368638588913394,0.6418320112435684,0.06925496033730705,3.701599650730446,0.16104798952191338,14.159525335364169,0.47478576006092504,5.020584840010422,0.20061754520031266,5.860414206140021,0.2258124261842006
5.9113924050632916,0.07911392405063292,12.827158582061163,0.43481475746183484,5.623416863580043,0.21870250590740126,1.1396659773256796,0.08418997931977039,4.432773016855691,0.18298319050567075,3.412926755492794,0.1523878026647838,-3.029117580506551,0.14087352741519654,-1.8468641271983977,0.10540592381595193,1.4416605011595034,0.0932498150347851,61.046532198577786,1.8813959659573336,0.6186232690775272,0.06855869807232581,3.6128253149080267,0.15838475944724079,14.489485452381253,0.4846845635714376,5.2794708074762395,0.2083841242242872,6.0525377990680465,0.2315761339720414
6.031645569620253,0.08031645569620253,13.08071971479947,0.4424215914439841,5.8960221866498985,0.22688066559949693,1.08999466653688,0.0826998399961064,4.4978240206552185,0.18493472061965655,3.3009729363681344,0.14902918809104404,-2.9595469496563798,0.1387864084896914,-1.7472890681901005,0.10241867204570301,1.3896117897443594,0.09168835369233078,66.19375829603595,2.0358127488810784,0.6747531252625909,0.07024259375787772,3.56530937199952,0.1569592811599856,14.756529756201042,0.4926958926860312,5.550411715184543,0.21651235145553627,6.243129145371844,0.23729387436115534
6.151898734177215,0.08151898734177215,13.308269379329923,0.4492480813798977,6.102134048319086,0.23306402144957256,1.0497023937021068,0.08149107181106321,4.542951264550807,0.18628853793652417,3.2345838062385557,0.14703751418715666,-2.941265473143966,0.13823796419431897,-1.7028931389580682,0.10108679416874206,1.330110524933892,0.08990331574801677,71.64541601123648,2.199362480337094,0.6802028703963438,0.07040608611189031,3.405688969296755,0.15217066907890264,15.036972035337545,0.5011091610601264,5.806670450076466,0.22420011350229396,6.458768259080267,0.24376304777240798
6.272151898734178,0.08272151898734179,13.557882068729793,0.4567364620618938,6.380943953482164,0.2414283186044649,1.024705817527746,0.08074117452583238,4.584455329541482,0.18753365988624449,3.192744408397673,0.14578233225193019,-2.838949273381201,0.13516847820143602,-1.620616230122596,0.09861848690367789,1.237262647397626,0.08711787942192878,77.37216825083473,2.3711650475250416,0.6833978309156352,0.07050193492746906,3.2532661218871013,0.14759798365661303,15.32942547282774,0.5098827641848322,6.119904409148093,0.2335971322744428,6.729702100949697,0.2518910630284909
6.3924050632911396,0.0839240506329114,13.786161707972058,0.4635848512391617,6.651713634192239,0.24955140902576717,1.0047186810954094,0.08014156043286229,4.635706676659527,0.1890712002997858,3.145600575096835,0.14436801725290505,-2.753718831277422,0.13261156493832266,-1.506284421956366,0.09518853265869098,1.2343662176682835,0.08703098653004851,83.48009935660768,2.5544029806982302,0.7596883749616788,0.07279065124885037,3.1585089752333397,0.1447552692570002,15.61801870056964,0.5185405610170892,6.417096010292297,0.24251288030876889,6.946842119261608,0.2584052635778482
6.512658227848101,0.08512658227848102,14.031098843670001,0.47093296531010004,6.947631619992004,0.2584289485997601,0.9997656604994607,0.07999296981498383,4.679329709453569,0.19037989128360705,3.071171183890611,0.14213513551671833,-2.638617650006649,0.12915852950019946,-1.448611163688486,0.09345833491065458,1.158149943726339,0.08474449831179018,89.95669327155763,2.7487007981467286,0.7770526815932418,0.07331158044779726,2.9977631354470113,0.13993289406341033,15.920745501277125,0.5276223650383137,6.704395376553071,0.25113186129659215,7.185242579853225,0.26555727739559676
6.632911392405063,0.08632911392405064,14.278448549326898,0.4783534564798069,7.221753250290341,0.26665259750871023,0.9258533156473921,0.07777559946942177,4.733160829877101,0.19199482489631303,3.041846387381259,0.14125539162143777,-2.479250776183853,0.1243775232855156,-1.356494769532555,0.09069484308597665,1.1411850397424,0.084235551192272,96.77534535020239,2.9532603605060714,0.7854213900909675,0.07356264170272903,2.8564259155145186,0.13569277746543557,16.231765680704427,0.5369529704211328,7.09308252948129,0.2627924758844387,7.451490646277406,0.2735447193883222
6.753164556962026,0.08753164556962026,14.477185997526938,0.4843155799258081,7.564525643515684,0.27693576930547054,0.9247881885411864,0.0777436456562356,4.804457885146829,0.19413373655440486,2.978710387617591,0.13936131162852772,-2.274445335159101,0.11823336005477303,-1.2359794221099338,0.08707938266329801,1.0678907570714684,0.08203672271214404,104.0108982338509,3.1703269470155266,0.7784350640703386,0.07335305192211015,2.7421576645620114,0.13226472993686034,16.51339727694102,0.5454019183082306,7.405714234132577,0.2721714270239773,7.731074107373925,0.28193222322121775
6.8734177215189876,0.08873417721518988,14.740442018710828,0.4922132605613248,7.858590316126922,0.2857577094838077,0.8871218928538755,0.07661365678561627,4.767820499848659,0.19303461499545976,2.9265969906564018,0.13779790971969205,-2.0777708207146173,0.11233312462143852,-1.1009123625635353,0.08302737087690606,1.0672647788448273,0.08201794336534482,111.55413263178399,3.396623978953519,0.8147585647698646,0.07444275694309593,2.580088267476976,0.12740264802430928,16.845107961888278,0.5553532388566483,7.751281234113039,0.28253843702339115,7.992679860032079,0.2897803958009624
6.993670886075949,0.0899367088607595,14.977934319066042,0.49933802957198126,8.153507283819929,0.29460521851459787,0.8636921374486494,0.07591076412345948,4.857776947022022,0.19573330841066067,2.870810836813812,0.13612432510441436,-1.904168712555149,0.10712506137665448,-1.0184493011155775,0.08055347903346732,1.0061239134803641,0.08018371740441092,119.59987717695155,3.637996315308546,0.8017209764909462,0.07405162929472839,2.4393717347791175,0.12318115204337353,17.114828177468212,0.5634448453240464,8.150150726347922,0.2945045217904377,8.26024730025348,0.2978074190076044
7.113924050632911,0.09113924050632911,15.215070544300955,0.5064521163290286,8.491176961878491,0.3047353088563547,0.8645276621534939,0.07593582986460481,4.908665241994123,0.19725995725982365,2.8579409623627936,0.13573822887088383,-1.6709762396919867,0.1001292871907596,-0.8464230906676117,0.07539269272002835,0.9623350477782143,0.07887005143334644,128.0424067207544,3.8912722016226318,0.8185902841891346,0.07455770852567403,2.2883527525700664,0.118650582577102,17.425096874397365,0.572752906231921,8.556208424094761,0.30668625272284283,8.592958818653843,0.3077887645596153
7.234177215189874,0.09234177215189875,15.462851585355214,0.5138855475606564,8.855000448395886,0.31565001345187654,0.8302250136806325,0.07490675041041897,4.952961456713352,0.19858884370140056,2.7605511844204043,0.13281653553261213,-1.4057964966754002,0.09217389490026201,-0.7375155010318669,0.07212546503095602,0.9696906592371733,0.07909071977711521,136.89241189024744,4.156772356707423,0.8050462803996519,0.07415138841198957,2.150040632582324,0.11450121897746972,17.710834384850678,0.5813250315455204,9.003098366676491,0.3200929510002947,8.906234033436007,0.3171870210030802
7.3544303797468356,0.09354430379746836,15.738759585718359,0.5221627875715508,9.21141082490059,0.3263423247470177,0.8219415537669501,0.0746582466130085,4.9808189693357985,0.19942456908007394,2.6793787796319917,0.13038136338895975,-1.1841761989759563,0.08552528596927869,-0.5675696948379217,0.06702709084513765,0.9292584016744663,0.07787775205023399,146.25440086095693,4.437632025828708,0.8465740920122236,0.0753972227603667,2.008958128418621,0.11026874385255862,18.079284215850166,0.592378526475505,9.442835819881834,0.333285074596455,9.202310200799596,0.32606930602398787
7.474683544303797,0.09474683544303798,15.93205046629373,0.5279615139888119,9.589177527623933,0.33767532582871795,0.7685531159825478,0.07305659347947643,4.993670022276416,0.19981010066829247,2.7077836477722563,0.1312335094331677,-0.8897486447262067,0.0766924593417862,-0.49912414400276545,0.06497372432008297,0.8826408123329007,0.07647922436998703,156.05953718443686,4.731786115533105,0.8509113495501646,0.07552734048650495,1.8216523122542232,0.1046495693676267,18.36869176111619,0.6010607528334857,9.909699197271756,0.34729097591815267,9.541626075371715,0.3362487822611514
7.59493670886076,0.0959493670886076,16.20923898481335,0.5362771695444005,9.970791269509222,0.34912373808527664,0.7348714801003992,0.07204614440301198,5.075264416547094,0.20225793249641283,2.624179344714197,0.12872538034142592,-0.617784569743204,0.06853353709229612,-0.3253351589777679,0.059760054769333035,0.8958291325359766,0.0768748739760793,166.36276928790835,5.0408830786372505,0.8340872526104145,0.07502261757831244,1.7372196099215627,0.10211658829764689,18.72071661148354,0.6116214983445062,10.41990127943471,0.36259703838304125,9.889119922139308,0.3466735976641792
7.715189873417722,0.09715189873417722,16.396722351403124,0.5419016705420937,10.292749813405145,0.3587824944021543,0.7221370675414037,0.07166411202624212,5.1425247454190455,0.20427574236257134,2.594446370166598,0.12783339110499792,-0.32613804975809163,0.05978414149274275,-0.20008704561136187,0.05600261136834086,0.8311820793007595,0.0749354623790228,177.17850944868982,5.365355283460694,0.8689391997077712,0.07606817599123314,1.571995511279169,0.09715986533837506,18.959504508740054,0.6187851352622016,10.929460974317728,0.3778838292295318,10.24185012412099,0.3572555037236297
7.8354430379746836,0.09835443037974684,16.664188375349653,0.5499256512604895,10.64529496104112,0.3693588488312336,0.7099448557375327,0.07129834567212598,5.115966322445614,0.20347898967336842,2.5786950524694237,0.12736085157408272,-0.061158375474382284,0.05183475126423147,-0.03877044579367132,0.051163113373810146,0.8150517619729761,0.07445155285918928,188.45728956008395,5.703718686802518,0.8775983998169016,0.07632795199450705,1.4353806516066614,0.09306141954819985,19.310975246749237,0.6293292574024771,11.46941763811023,0.3940825291433069,10.599799066469355,0.3679939719940806
7.955696202531645,0.09955696202531646,16.914647466365388,0.5574394239909617,11.011745390680838,0.38035236172042514,0.6877443769405522,0.07063233130821657,5.201996999182165,0.20605990997546492,2.4818768457738893,0.12445630537321668,0.21205430889551113,0.05636162926686534,0.12693504706982922,0.05380805141209488,0.7953537697133586,0.07386061309140077,200.28022218862947,6.058406665658883,0.9238033932887552,0.07771410179866266,1.3409872110247554,0.09022961633074267,19.62681187868143,0.638804356360443,12.038254108692781,0.4111476232607834,10.981533843033919,0.37944601529101757
8.075949367088608,0.10075949367088609,17.1636231808044,0.564908695424132,11.457717632547629,0.3937315289764288,0.6422615773993968,0.0692678473219819,5.215655572731963,0.20646966718195892,2.4514560839310433,0.1235436825179313,0.48846761435089586,0.06465402843052688,0.26199003323890147,0.05785970099716704,0.7542314196749516,0.07262694259024854,212.68753020359907,6.430625906107972,0.9138483892803555,0.07741545167841067,1.2275012010031348,0.08682503603009405,19.97917283247911,0.6493751849743734,12.637180785302162,0.42911542355906485,11.376288088638812,0.39128864265916435
8.19620253164557,0.1019620253164557,17.406629594886997,0.57219888784661,11.842758162551412,0.40528274487654237,0.6460956871377372,0.06938287061413212,5.257950865850101,0.20773852597550302,2.408128881412063,0.12224386644236189,0.78876056810107,0.0736628170430321,0.40271789705115246,0.06208153691153458,0.7537169373436773,0.07261150812031032,225.6633937719896,6.819901813159688,0.9037819643581158,0.07711345893074348,1.1016608861624464,0.08304982658487339,20.28096841053642,0.6584290523160926,13.206715745355302,0.44620147236065905,11.755070121223497,0.4026521036367049
8.316455696202532,0.10316455696202532,17.64877833710906,0.5794633501132719,12.266039914562468,0.417981197436874,0.629769361166353,0.06889308083499059,5.274532444829894,0.2082359733448968,2.388987898248198,0.12166963694744594,1.0756147519767725,0.08226844255930318,0.5446906656515166,0.06634071996954549,0.7122562928582572,0.07136768878574772,239.15952027291533,7.224785608187459,0.9156193667453991,0.07746858100236198,1.028120824670254,0.08084362474010762,20.59487235371013,0.6678461706113039,13.896263020963492,0.46688789062890473,12.217482480531961,0.4165244744159588
8.436708860759495,0.10436708860759496,17.86644322007402,0.5859932966022207,12.686111693244891,0.4305833507973467,0.6570382819474667,0.06971114845842401,5.324791594432238,0.20974374783296712,2.3793853802823803,0.12138156140847141,1.3425725376391175,0.09027717612917352,0.689180102446542,0.07067540307339626,0.6942309214956651,0.07082692764486995,253.29757415506853,7.648927224652056,0.9181448849363322,0.07754434654808996,0.8870176655402112,0.07661052996620633,20.91038238386166,0.6773114715158498,14.54679985110436,0.4864039955331308,12.618687101114576,0.42856061303343723
8.556962025316455,0.10556962025316456,18.104677014779618,0.5931403104433886,13.128220875109353,0.44384662625328053,0.6262580675879069,0.06878774202763721,5.392863950833835,0.21178591852501505,2.347761863365131,0.12043285590095393,1.6383590459352464,0.09915077137805739,0.7986145144570115,0.07395843543371035,0.7101114711917814,0.07130334413575344,268.0812997370691,8.092438992112074,0.9193705730514008,0.07758111719154202,0.8145287686511928,0.07443586305953578,21.171709302284434,0.685151279068533,15.311742308232784,0.5093522692469835,13.088706725507281,0.4426612017652184
8.677215189873419,0.1067721518987342,18.37158989737198,0.6011476969211594,13.593715855216622,0.45781147565649866,0.5542208096590183,0.06662662428977055,5.413404721178124,0.2124021416353437,2.3104124274231865,0.11931237282269559,1.858119442753402,0.10574358328260205,0.9623344634541297,0.07887003390362389,0.643251256933313,0.06929753770799939,283.4553688286319,8.553661064858957,0.9075241910738823,0.07722572573221648,0.7262042749504122,0.07178612824851237,21.597990783143004,0.6979397234942901,16.066977934555908,0.5320093380366773,13.606522495987,0.45819567487961
8.79746835443038,0.10797468354430381,18.59111062236313,0.6077333186708939,14.025573273864532,0.47076719821593593,0.5486188784732543,0.06645856635419763,5.470806214852625,0.21412418644557873,2.245125977286181,0.11735377931858544,2.0361639644477547,0.11108491893343264,1.0859289485807326,0.08257786845742199,0.5977772074179506,0.06793331622253852,299.51572945054954,9.035471883516486,0.931495264625506,0.07794485793876518,0.6585497427421961,0.06975649228226588,21.82325702063174,0.7046977106189523,16.881212783824413,0.5564363835147325,14.090784600714018,0.47272353802142053
8.917721518987342,0.10917721518987343,18.809929311507926,0.6142978793452378,14.477972151841184,0.4843391645552355,0.5086796497404106,0.06526038949221231,5.493649434958837,0.21480948304876513,2.196523268385871,0.11589569805157612,2.2627582030987785,0.11788274609296336,1.1992727303293758,0.08597818190988127,0.6609458571194124,0.06982837571358237,316.21702910271773,9.536510873081532,0.9245610153449851,0.07773683046034956,0.5928456545852734,0.0677853696375582,22.171054473728056,0.7151316342118417,17.716304109462108,0.5814891232838633,14.615576073783457,0.48846728221350366
9.037974683544304,0.11037974683544305,19.05328362280854,0.6215985086842563,14.927820813743356,0.49783462441230064,0.5102025288288801,0.0653060758648664,5.512369508259999,0.21537108524779996,2.2139722257694325,0.11641916677308298,2.4271995112479328,0.12281598533743798,1.315398473123603,0.08946195419370809,0.6630941471854326,0.06989282441556298,333.6358832711685,10.059076498135056,0.9190891802497935,0.07757267540749381,0.500917511833917,0.06502752535501752,22.547883157576027,0.7264364947272809,18.569799917718818,0.6070939975315646,15.111227667608201,0.503336830028246
9.158227848101266,0.11158227848101267,19.2980666504825,0.628941999514475,15.391105764275276,0.5117331729282583,0.5128687834815017,0.06538606350444505,5.571510424534648,0.21714531273603943,2.1743930902463764,0.1152317927073913,2.5866693146608064,0.1276000794398242,1.4161050588995616,0.09248315176698685,0.5880330399246426,0.06764099119773928,351.71445661372206,10.601433698411663,0.9586001976748013,0.07875800593024404,0.4751604141320095,0.06425481242396029,22.885838390082892,0.7365751517024868,19.47189462616912,0.6341568387850737,15.64412530291765,0.5193237590875295
9.278481012658228,0.11278481012658229,19.56690524019753,0.6370071572059259,15.899615293508964,0.5269884588052689,0.5156716312892713,0.06547014893867814,5.578024486723841,0.2173407346017152,2.1647129541792163,0.11494138862537649,2.729105046630473,0.1318731513989142,1.549449009880541,0.09648347029641623,0.5420493710458699,0.0662614811313761,370.57597035773705,11.167279110732112,0.9601701525602647,0.07880510457680795,0.4070658263044729,0.06221197478913419,23.223579723296524,0.7467073916988958,20.452847088047424,0.6635854126414228,16.23326328852119,0.5369978986556357
9.39873417721519,0.1139873417721519,19.80031686915179,0.6440095060745537,16.40168432334671,0.5420505297004014,0.4624150587751937,0.06387245176325582,5.617997309060524,0.2185399192718157,2.1419852004705535,0.11425955601411661,2.8456199808349893,0.1353685994250497,1.5977255286376824,0.09793176585913047,0.5598096609061961,0.06679428982718588,390.16003423948246,11.754801027184474,0.9202887960705164,0.07760866388211549,0.31834307803482337,0.059550292341044704,23.56641169298355,0.7569923507895066,21.441136603300645,0.6932340980990194,16.832150133830726,0.5549645040149218
9.518987341772153,0.11518987341772154,20.05178439062566,0.6515535317187698,16.94021358945891,0.5582064076837673,0.44978712621081857,0.06349361378632457,5.627289759636352,0.21881869278909055,2.1038286584284074,0.11311485975285222,2.9080882327353033,0.1372426469820591,1.675722565821863,0.10027167697465589,0.5460841931082114,0.06638252579324634,410.49443568038765,12.36483307041163,0.9569755543870375,0.07870926663161112,0.27232645093413493,0.05816979352802405,23.967237928289723,0.7690171378486917,22.5098612321054,0.725295836963162,17.44563308536533,0.57336899256096
9.639240506329115,0.11639240506329115,20.269935959731498,0.6580980787919449,17.418231992592577,0.5725469597777774,0.40621596804673127,0.06218647904140194,5.665936715987672,0.21997810147963015,2.0900549269734396,0.11270164780920319,2.9908311355388766,0.13972493406616632,1.740438683358389,0.10221316050075166,0.534328013514446,0.06602984040543339,431.62819716341295,12.998845914902388,0.9824960626249165,0.07947488187874749,0.27119075322787206,0.058135722596836165,24.243901755618563,0.7773170526685569,23.63989782888682,0.7591969348666047,18.103376170131906,0.5931012851039572
9.759493670886076,0.11759493670886077,20.52215813559369,0.6656647440678106,17.954729297510962,0.5886418789253289,0.4326061074864794,0.06297818322459438,5.681652826274765,0.22044958478824295,2.0538708682086306,0.11161612604625892,2.9739342256512518,0.13921802676953754,1.7993739510006224,0.10398121853001868,0.5026792061439885,0.06508037618431967,453.6200919237985,13.658602757713956,0.9866831021163892,0.07960049306349168,0.23125527713472718,0.056937658314041815,24.65796240134394,0.7897388720403182,24.773966980754928,0.7932190094226479,18.733660520332865,0.612009815609986
9.879746835443038,0.11879746835443039,20.772005478765422,0.6731601643629627,18.453213094598677,0.6035963928379603,0.401702774978162,0.062051083249344864,5.746008897413061,0.22238026692239182,2.0349446637468787,0.11104833991240637,2.9964051249542014,0.13989215374862604,1.850169016219925,0.10550507048659774,0.5238369826226016,0.06571510947867805,476.3727052847166,14.341181158541497,0.9887121304469907,0.07966136391340972,0.20181708367856918,0.05605451251035708,24.96260970062163,0.7988782910186489,26.02354046863317,0.830706214058995,19.432503410063994,0.6329751023019199
10.0,0.12000000000000001,20.993813069205594,0.6798143920761678,18.97630112467166,0.6192890337401499,0.3998362045721725,0.06199508613716518,5.732896660022818,0.22198689980068453,1.9859065347426024,0.10957719604227807,3.020028214402062,0.14060084643206186,1.9025646270361136,0.1070769388110834,0.5104901475057217,0.06531470442517165,499.979554394367,15.04938663183101,0.9714660333866728,0.0791439810016002,0.17518808536302533,0.055255642560890765,25.29723401767755,0.8089170205303265,27.3034652245016,0.869103956735048,20.115551448566837,0.6534665434570052
